

INSERT INTO redwood_blog_db.users (id, joined_date, email, password, username, profile_picture, bio, banned) VALUES (1, '2017-12-13 16:50:00', 'someone@codeup.com', '$2a$10$FakL1WxrJsurwHPbg.isc.IMSCO49vOYydC0QNiJ1KzJymYtEc0N.', 'Sah-Dude', 'Sah-Dude.png', null, false);
INSERT INTO redwood_blog_db.users (id, joined_date, email, password, username, profile_picture, bio, banned) VALUES (2, '2017-12-13 17:31:00', 'Fer@codeup.com', '$2a$10$d2LjQNIR3ThECYO4g16yPejmeLNnwblsNe3UCX3xjqKSHK5i9Hqeq', 'Fer', null, 0x4A617661206973206D79206669727374206C616E67756167652C205370616E697368207365636F6E642E, false);
INSERT INTO redwood_blog_db.users (id, joined_date, email, password, username, profile_picture, bio, banned) VALUES (26, '2018-01-30 15:49:00', 'Tester@codeup.com', '$2a$10$gHtISc3Nn/O3ARle/1GU4.VKLAsUwc7rS5bUmqeAjBnXQNuAMae7q', 'Tester', 'Tester.png', null, false);
INSERT INTO redwood_blog_db.users (id, joined_date, email, password, username, profile_picture, bio, banned) VALUES (27, '2018-03-30 13:37:58', 'user@codeup.com', '$2a$10$toNvf/xRjExg5/Okc0bdmuWGvklC8dHQDGYY.zC9vQZsh0r6SETYy', 'user', null, null, false);
INSERT INTO redwood_blog_db.users (id, joined_date, email, password, username, profile_picture, bio, banned) VALUES (28, '2018-03-30 21:30:00', 'harperryanc@gmail.com', '$2a$10$.lgKBbY0SVi/cfdtbEMZiuMJ0.VBt9x4KDfhj5yIfQrhC/7.dDLn.', 'Ryan Harper', 'Ryan Harper.png', null, false);
INSERT INTO redwood_blog_db.users (id, joined_date, email, password, username, profile_picture, bio, banned) VALUES (29, '2018-05-03 13:50:43', 'Luis@codeup.com', '$2a$10$AL72y4WZftAAAxxxN5IrNOFR1/dTH3G9APeh9RxZL4kyROfZaA6I.', 'Luis', null, null, false);
INSERT INTO redwood_blog_db.users (id, joined_date, email, password, username, profile_picture, bio, banned) VALUES (30, '2018-05-31 12:40:59', 'testingperson@gmail.com', '$2a$10$1zUbHiUnSw5TJgASsaihiOLHXcJWYwLOSZXlYiSipWtD1hBSNXM2G', 'testingperson', null, 0x4C6F72656D20497073756D2069732073696D706C792064756D6D792074657874206F6620746865207072696E74696E6720616E64207479706573657474696E6720696E6475737472792E204C6F72656D20497073756D20686173206265656E2074686520696E6475737472792773207374616E646172642064756D6D79207465787420657665722073696E6365207468652031353030732C207768656E20616E20756E6B6E6F776E207072696E74657220746F6F6B20612067616C6C6579206F66207479706520616E6420736372616D626C656420697420746F206D616B65206120747970652073706563696D656E20626F6F6B2E20497420686173207375727669766564206E6F74206F6E6C7920666976652063656E7475726965732C2062757420616C736F20746865206C65617020696E746F20656C656374726F6E6963207479706573657474696E672C2072656D61696E696E6720657373656E7469616C6C7920756E6368616E6765642E2049742077617320706F70756C61726973656420696E207468652031393630732077697468207468652072656C65617365206F66204C657472617365742073686565747320636F6E7461696E696E67204C6F72656D20497073756D2070617373616765732C20616E64206D6F726520726563656E746C792077697468206465736B746F70207075626C697368696E6720736F667477617265206C696B6520416C64757320506167654D616B657220696E636C7564696E672076657273696F6E73206F66204C6F72656D20497073756D2E4C6F72656D20497073756D2069732073696D706C792064756D6D792074657874206F6620746865207072696E74696E6720616E64207479706573657474696E6720696E6475737472792E204C6F72656D20497073756D20686173206265656E2074686520696E6475737472792773207374616E646172642064756D6D79207465787420657665722073696E6365207468652031353030732C207768656E20616E20756E6B6E6F776E207072696E74657220746F6F6B20612067616C6C6579206F66207479706520616E6420736372616D626C656420697420746F206D616B65206120747970652073706563696D656E20626F6F6B2E20497420686173207375727669766564206E6F74206F6E6C7920666976652063656E7475726965732C2062757420616C736F20746865206C65617020696E746F20656C656374726F6E6963207479706573657474696E672C2072656D61696E696E6720657373656E7469616C6C7920756E6368616E6765642E2049742077617320706F70756C61726973656420696E207468652031393630732077697468207468652072656C65617365206F66204C657472617365742073686565747320636F6E7461696E696E67204C6F72656D20497073756D2070617373616765732C20616E64206D6F726520726563656E746C792077697468206465736B746F70207075626C697368696E6720736F667477617265206C696B6520416C64757320506167654D616B657220696E636C7564696E672076657273696F6E73206F66204C6F72656D20497073756D2E4C6F72656D20497073756D2069732073696D706C792064756D6D792074657874206F6620746865207072696E74696E6720616E64207479706573657474696E6720696E6475737472792E204C6F72656D20497073756D20686173206265656E2074686520696E6475737472792773207374616E646172642064756D6D79207465787420657665722073696E6365207468652031353030732C207768656E20616E20756E6B6E6F776E207072696E74657220746F6F6B20612067616C6C6579206F66207479706520616E6420736372616D626C656420697420746F206D616B65206120747970652073706563696D656E20626F6F6B2E20497420686173207375727669766564206E6F74206F6E6C7920666976652063656E7475726965732C2062757420616C736F20746865206C65617020696E746F20656C656374726F6E6963207479706573657474696E672C2072656D61696E696E6720657373656E746961, false);
INSERT INTO redwood_blog_db.users (id, joined_date, email, password, username, profile_picture, bio, banned) VALUES (31, '2018-06-11 11:41:56', 'newuser@codeup.com', '$2a$10$l35pRxw9QvgLmRg7ocJA.ePex.UIeA4qr1d6To/SOa6KFtK01nob6', 'NewUser', null, null, false);
INSERT INTO redwood_blog_db.users (id, joined_date, email, password, username, profile_picture, bio, banned) VALUES (32, '2018-06-11 11:46:00', 'billbrasky@sob.com', '$2a$10$TRxGQC4rj1/bO1edZJVxC.9I07PBikM8uv5LGYS7RauMdQWHBiHiu', 'BillBrasky', null, null, false);
INSERT INTO redwood_blog_db.users (id, joined_date, email, password, username, profile_picture, bio, banned) VALUES (35, '2018-08-22 10:32:03', 'tester@email.com', '$2a$10$/iTuCZqBGDLEfibKGDR1b.Z73uOnntTl7Tl4DsbfZIYuk47q0HI8G', 'Test', null, null, false);
INSERT INTO redwood_blog_db.users (id, joined_date, email, password, username, profile_picture, bio, banned) VALUES (62, '2018-09-04 22:47:50', 'player@email.com', '$2a$10$g5OZL.fJICJbLyq19PCEGe9jZyjCWdocnLg83Ty/Laq/LkWHVmEjK', 'player', null, null, false);
INSERT INTO redwood_blog_db.users (id, joined_date, email, password, username, profile_picture, bio, banned) VALUES (63, '2018-09-05 10:22:25', 'player1@email.com', '$2a$10$mBoKjQw8eAnZ0cUyp3Zxnuvn9qC4UgplvkwvjTA/s36Ws/fmwjsAu', 'player1', null, null, false);
INSERT INTO redwood_blog_db.users (id, joined_date, email, password, username, profile_picture, bio, banned) VALUES (64, '2018-09-05 11:20:53', 'player2@email.com', '$2a$10$1QO6wrHiYlQWqMnAZ2VosuPKAbXBuITQ0G8miZcPCMpdmyC6ZhcO2', 'player2', 'player2.png', null, false);
INSERT INTO redwood_blog_db.users (id, joined_date, email, password, username, profile_picture, bio, banned) VALUES (65, '2018-09-05 11:22:00', 'player3@email.com', '$2a$10$LbtBxtLysyAO9/s2CzwsS.B.tEDoMd7j1RvtiFruUC0rx2tnTbbWK', 'player3', null, null, true);
INSERT INTO redwood_blog_db.users (id, joined_date, email, password, username, profile_picture, bio, banned) VALUES (66, '2018-09-08 14:47:00', 'bowser@email.com', '$2a$10$KO3olz8XrUNiHXEo4ODEYeFqmd82e7kiLdIsTXBxBUPsLiiEms2Le', 'bowser', null, null, false);

INSERT INTO redwood_blog_db.user_roles (id, role, user_id) VALUES (1, 'ROLE_ADMIN', 28);
INSERT INTO redwood_blog_db.user_roles (id, role, user_id) VALUES (2, 'ROLE_USER', 62);
INSERT INTO redwood_blog_db.user_roles (id, role, user_id) VALUES (3, 'ROLE_EDITOR', 2);
INSERT INTO redwood_blog_db.user_roles (id, role, user_id) VALUES (4, 'ROLE_USER', 63);
INSERT INTO redwood_blog_db.user_roles (id, role, user_id) VALUES (5, 'ROLE_USER', 64);
INSERT INTO redwood_blog_db.user_roles (id, role, user_id) VALUES (6, 'ROLE_USER', 65);
INSERT INTO redwood_blog_db.user_roles (id, role, user_id) VALUES (7, 'ROLE_EDITOR', 1);
INSERT INTO redwood_blog_db.user_roles (id, role, user_id) VALUES (8, 'ROLE_USER', 66);
INSERT INTO redwood_blog_db.user_roles (id, role, user_id) VALUES (9, 'ROLE_USER', 26);
INSERT INTO redwood_blog_db.user_roles (id, role, user_id) VALUES (10, 'ROLE_USER', 27);
INSERT INTO redwood_blog_db.user_roles (id, role, user_id) VALUES (11, 'ROLE_USER', 29);
INSERT INTO redwood_blog_db.user_roles (id, role, user_id) VALUES (12, 'ROLE_USER', 30);
INSERT INTO redwood_blog_db.user_roles (id, role, user_id) VALUES (13, 'ROLE_USER', 31);
INSERT INTO redwood_blog_db.user_roles (id, role, user_id) VALUES (14, 'ROLE_USER', 32);
INSERT INTO redwood_blog_db.user_roles (id, role, user_id) VALUES (15, 'ROLE_USER', 35);

INSERT INTO redwood_blog_db.posts (id, created_date, description, title, user_id, header_image, subtitle, disabled) VALUES (46, '2018-04-27 15:09:00', 'Bacon ipsum dolor amet shank tail ham hock boudin. Short loin pork belly tenderloin pork loin, capicola pancetta tri-tip. Meatloaf turkey pork belly kevin venison. Picanha jowl salami swine. Fatback tail pork belly corned beef pancetta ham alcatra prosciutto hamburger. Chuck ham hock turducken landjaeger frankfurter t-bone, picanha shank. Boudin doner buffalo kielbasa beef ribs.

Turducken prosciutto tenderloin porchetta. Sirloin short ribs porchetta pancetta meatloaf pork loin. Pork ham hock brisket jerky, pig bacon corned beef flank hamburger. Shoulder bacon beef ribs buffalo. Beef ribs ball tip beef shoulder burgdoggen tail andouille pork drumstick pork loin.

Does your lorem ipsum text long for something a little meatier? Give our generator a try… it’s tasty!', 'Movie Post', 1, '', 'Movie post subtitle!', false);
INSERT INTO redwood_blog_db.posts (id, created_date, description, title, user_id, header_image, subtitle, disabled) VALUES (47, '2018-04-27 15:11:00', 'Lorem ipsum dolor sit amet, consectetur adipiscing elit. Integer sed quam enim. Mauris mattis mi tincidunt, mattis dui vel, venenatis mi. Sed pellentesque sodales blandit. Aliquam nisi tortor, ultrices quis metus at, vestibulum tristique purus. Nulla enim est, efficitur nec magna ac, accumsan cursus risus. Quisque dapibus odio in sollicitudin ullamcorper. Suspendisse nisi urna, lobortis ut turpis sit amet, auctor egestas dolor.

Ut posuere in lorem ac iaculis. Vestibulum vel lacus turpis. Vivamus ut semper metus. Nullam risus tortor, gravida in euismod at, aliquam sed nibh. Nulla interdum purus a justo dapibus porta. Duis placerat condimentum lectus, ut gravida ex dignissim eget. Vestibulum sed est eget ipsum sodales pulvinar. In et dictum mauris. Sed commodo tellus tempor, sollicitudin est eu, posuere eros. Nunc pulvinar mi eget ex commodo tincidunt. Vestibulum ante ipsum primis in faucibus orci luctus et ultrices posuere cubilia Curae; Nunc sed purus nec mauris tristique hendrerit nec ac felis. Sed sit amet mi lacus. Phasellus sapien leo, rutrum a nulla id, tempus vehicula massa.

Nam ac gravida nisi. Pellentesque dolor orci, malesuada sed nulla sed, tempus tristique quam. Aliquam in dui suscipit, pharetra quam pellentesque, maximus magna. Quisque nec augue placerat, ullamcorper orci et, fringilla magna. Pellentesque quis vehicula felis, ac molestie sem. Suspendisse potenti. Nulla faucibus libero sit amet ipsum suscipit, ut molestie orci tincidunt. Maecenas vehicula elementum ex, et gravida eros luctus nec. Ut felis velit, accumsan ac ultricies eget, semper nec felis. Sed suscipit, dolor sit amet molestie laoreet, enim nisl vehicula odio, eu tincidunt tellus augue eget eros. Donec ex quam, fermentum nec libero non, condimentum dignissim odio. Nulla quis risus non nibh luctus efficitur et sed ante. Vestibulum ante ipsum primis in faucibus orci luctus et ultrices posuere cubilia Curae;

Curabitur iaculis, neque sed feugiat molestie, nulla mi porta erat, ac egestas elit ante quis mi. Phasellus in tellus sed lorem porttitor bibendum. Nunc non odio vitae quam auctor condimentum eu a dui. Aliquam dignissim mi ut vulputate varius. Quisque tincidunt elit at augue sodales, quis eleifend neque laoreet. Duis vel venenatis ligula. Quisque feugiat arcu eu malesuada facilisis. Duis est nisl, placerat sed nibh quis, eleifend auctor erat. Ut et condimentum lectus. Vestibulum faucibus eleifend hendrerit. Quisque interdum fermentum felis, at molestie ipsum tristique at.

In hac habitasse platea dictumst. Proin gravida est a luctus rutrum. Nullam commodo ante eu arcu mollis feugiat. Pellentesque fringilla eros at libero mattis tristique. Ut dignissim id nulla ac eleifend. Integer ultrices augue eget lacus imperdiet, vitae pulvinar libero lobortis. Nunc nec auctor tortor.', 'This Is A Blog Post', 1, '', 'blog posting all day long', false);
INSERT INTO redwood_blog_db.posts (id, created_date, description, title, user_id, header_image, subtitle, disabled) VALUES (51, '2018-05-04 16:34:00', 'My first language is Java.', 'Lorem Ipsum Is Simply Dummy Text Of The Printing And Typesetting Industry. Title Can Only = 100 Char', 2, '', 'lorem''s, man!', false);
INSERT INTO redwood_blog_db.posts (id, created_date, description, title, user_id, header_image, subtitle, disabled) VALUES (61, '2018-06-05 11:20:00', '
<!--<br></br>-->
<!--<br></br>-->
<!--![text](https://media.giphy.com/media/WgFOEhAcSpCjS/giphy.gif) -->
<!--<br></br>-->
After the initial shock wore off...it became apparent not to get too excited too early. We''ll be presumably waiting a very long time to see a release. Thankfully, Bethesda''s director Todd Howard was cordial enough to extend an official announcement of ES6''s existance at E3 2018, as fans are more likely overcome with Skyrim fatigue. After nearly seven years since ES5''s released, it''s about time! Let the years long speculation begin...a return to High Rock or Hammerfall perhaps? You better believe [that particular speculation](https://youtu.be/83M7BAJCWEg) has already begun. 2021 release date? Who knows! I''ll just be playing Skyrim on Amazon Alexa in the meantime...

![text](https://lh3.googleusercontent.com/-Fp5JIQOWAG4/V_R72uk0zuI/AAAAAAAADXY/ytHlEi-76RIeXQJygz1b53yCRIRgPy8zgCJoC/w613-h345/hSR4PB7.gif)', 'Bethesda Announces *Elder Scrolls VI*', 28, '![text](https://i.gadgets360cdn.com/large/elder-scrolls-6_1528692413908.jpg)
', 'It''s going to be a long wait...', false);
INSERT INTO redwood_blog_db.posts (id, created_date, description, title, user_id, header_image, subtitle, disabled) VALUES (62, '2018-06-19 11:40:00', '<!--![text](https://i.stack.imgur.com/gd0NW.png)-->
[Baeldung](http://www.baeldung.com/) is an excellent resource for Java, Spring, and Web development tutorials. Here you can learn REST, Spring Security, Thymeleaf, Persistance, JSON with Jackson and even Java back to basics. It''s a very well written curriculum and eBooks are also available on the site.', 'Baeldung Is One Of My Favorite Java And Spring Resources. Check It Out!', 28, '<img src="https://i.stack.imgur.com/gd0NW.png" height="220px" width="450px">', 'New and improved!', false);
INSERT INTO redwood_blog_db.posts (id, created_date, description, title, user_id, header_image, subtitle, disabled) VALUES (63, '2018-06-19 15:00:20', '![text](https://chestertownspy.org/files/2016/02/Screen-Shot-2016-02-24-at-9.24.44-AM.jpg)', 'Testing', 28, ' ', '', false);
INSERT INTO redwood_blog_db.posts (id, created_date, description, title, user_id, header_image, subtitle, disabled) VALUES (66, '2018-07-02 18:09:00', '
The Art of Solo: A Star Wars Story is available on [Amazon](https://www.amazon.com/Art-Solo-Star-Wars-Story/dp/1419727451/ref=sr_1_1?ie=UTF8&qid=1531336413&sr=8-1&keywords=art+of+solo) Lorem ipsum dolor sit amet, consectetur adipiscing elit. Maecenas porta elementum enim sed iaculis. Nullam feugiat tincidunt mi, id lobortis enim convallis eu. Etiam rhoncus massa vel purus scelerisque, quis mollis metus elementum. Sed erat odio, volutpat a elementum eget, finibus id mi. Aliquam erat volutpat. Vivamus dictum justo at augue congue mollis. Quisque in porta enim, pretium scelerisque sem. Duis ac aliquam libero, in scelerisque turpis. Donec vel lacus in est feugiat facilisis nec non odio.

Ut vel lacus congue, cursus nibh eget, posuere justo. Donec ut egestas ante, quis iaculis sem. Fusce blandit laoreet mi volutpat molestie. Sed iaculis pretium cursus. Duis tincidunt maximus blandit. Nullam aliquam convallis finibus. Morbi dapibus, ligula nec gravida dapibus, diam diam sodales purus, eget accumsan est mi et turpis. Sed suscipit arcu sed ullamcorper hendrerit. Aenean lobortis libero quis tellus rutrum faucibus. Nullam pharetra faucibus ante, et convallis lectus bibendum vel. Nam nec metus luctus, vulputate arcu et, gravida lorem. Vivamus tincidunt metus ac lorem porta fermentum. Fusce dolor turpis, suscipit vehicula eleifend in, congue ac dolor. Nullam pellentesque vulputate erat convallis placerat.

![text](http://www.syfy.com/sites/syfy/files/2018/05/artofsolo_136-37.jpg)

![text](https://pbs.twimg.com/media/Deivq_UW0AUg7kw.jpg)

Vestibulum quis dolor vel quam consectetur hendrerit nec ut urna. Class aptent taciti sociosqu ad litora torquent per conubia nostra, per inceptos himenaeos. Cras et sodales ipsum, sit amet tincidunt orci. Nam eget sem nec arcu malesuada tristique. Aliquam erat volutpat. Vestibulum tincidunt non quam ut convallis. Interdum et malesuada fames ac ante ipsum primis in faucibus. Aenean in condimentum tellus, at ullamcorper tellus. Donec risus felis, convallis vitae metus vitae, aliquet dictum turpis. Donec consequat vitae orci ac vehicula. Curabitur at tortor eu mauris porta commodo. Nullam nisi lorem, vestibulum vitae malesuada sed, ornare vitae nulla. Vestibulum rutrum nibh nec nisl faucibus sagittis. In fringilla enim sit amet elementum egestas. Nunc vestibulum pellentesque viverra.

Donec ut cursus dui. Nullam tincidunt aliquet turpis, eget porta lorem hendrerit consectetur. Donec efficitur magna quis dui rhoncus, non bibendum massa iaculis. Mauris posuere finibus diam at lacinia. Pellentesque fermentum id tellus malesuada hendrerit. Vestibulum luctus gravida ipsum a porta. Integer at nisl dictum, vulputate dui sed, luctus tortor. Sed tempor nisi sapien, quis interdum leo convallis id. Suspendisse interdum dapibus est at malesuada. Mauris feugiat mauris ex, ut sollicitudin nulla finibus at. Pellentesque dignissim mauris vel quam viverra facilisis. In efficitur arcu ligula, nec mollis libero pretium a. Fusce hendrerit ullamcorper magna eu congue. In fermentum convallis eros quis iaculis.

![text](https://cdn.vox-cdn.com/thumbor/pB7P9pkaU1k6swZ4uQZjqMnsWvo=/0x0:3508x1568/1200x0/filters:focal(0x0:3508x1568)/cdn.vox-cdn.com/uploads/chorus_asset/file/11423509/ArtOfSolo_146_47.jpg)

![text](http://www.slashfilm.com/wp/wp-content/images/solo-concept-art.jpg)

Praesent nec ex elit. Suspendisse elementum iaculis est at facilisis. Ut non mollis diam. Aliquam sit amet orci et orci feugiat varius. Praesent molestie accumsan varius. Nullam vel nisi mi. Proin metus lorem, sagittis id vulputate vitae, scelerisque quis arcu. Cras gravida dui vel augue finibus tristique. Donec lacus velit, posuere gravida auctor ut, dignissim at est. Praesent finibus erat vitae velit sagittis finibus. Maecenas metus lorem, tristique consectetur sem quis, ullamcorper pellentesque dui. Nam at gravida libero. Integer imperdiet lacinia urna, sed mollis metus mollis dignissim.
', 'Despite Its Reception, *Solo: A Star Wars Story* Concept Art Is Pretty Awesome', 28, ' ![text](https://milnersblog.files.wordpress.com/2018/05/the-art-of-solo-a-star-wars-story-concept-art-no-8.jpg)', 'Hey! Who''s scruffy-looking?', false);
INSERT INTO redwood_blog_db.posts (id, created_date, description, title, user_id, header_image, subtitle, disabled) VALUES (70, '2018-07-12 10:37:00', 'The Robocop film series has found a new creator, again.

Head over to [Deadline](https://deadline.com/2018/07/robocop-neill-blomkamp-directing-robocop-returns-justin-rhodes-ed-neumeier-michael-miner-mgm-1202424639/) to read their exclusive first scoop. ', '*District 9*, *Elysium*, And *Chappie* Director Neill Blomkamp To Helm *Robocop Returns* For MGM', 28, '![text](https://imagesvc.timeincapp.com/v3/mm/image?url=https%3A%2F%2Fewedit.files.wordpress.com%2F2017%2F09%2Fmcdrobo_ec006_h.jpg%3Fw%3D2000&w=700&q=85) ', 'I''d buy that for fifteen dollars', false);
INSERT INTO redwood_blog_db.posts (id, created_date, description, title, user_id, header_image, subtitle, disabled) VALUES (73, '2018-07-13 09:18:00', '
Encapsulation
<blockquote>
Encapsulation is achieved when each object keeps its state private, housed inside a class. Other objects don’t have direct access to this state. Instead, they can only call a list of public functions — called methods.
So, the object manages its own state via methods — and no other class can touch it unless explicitly allowed. If you want to communicate with the object, you should use the methods provided. But (by default), you can’t change the state.
</blockquote>

Abstraction
<blockquote>
Abstraction can be thought of as a natural extension of encapsulation.
In object-oriented design, programs are often extremely large. And separate objects communicate with each other a lot. So maintaining a large codebase like this for years — with changes along the way — is difficult.
Abstraction is a concept aiming to ease this problem.
Applying abstraction means that each object should only expose a high-level mechanism for using it.
This mechanism should hide internal implementation details. It should only reveal operations relevant for the other objects.
</blockquote>

Inheritance
<blockquote>
OK, we saw how encapsulation and abstraction can help us develop and maintain a big codebase.
But do you know what is another common problem in OOP design?
Objects are often very similar. They share common logic. But they’re not entirely the same. Ugh…
So how do we reuse the common logic and extract the unique logic into a separate class? One way to achieve this is inheritance.
It means that you create a (child) class by deriving from another (parent) class. This way, we form a hierarchy.
The child class reuses all fields and methods of the parent class (common part) and can implement its own (unique part).
</blockquote>

Polymorphism
<blockquote>
So we already know the power of inheritance and happily use it. But there comes this problem.
Say we have a parent class and a few child classes which inherit from it. Sometimes we want to use a collection — for example a list — which contains a mix of all these classes. Or we have a method implemented for the parent class — but we’d like to use it for the children, too.
This can be solved by using polymorphism.
Simply put, polymorphism gives a way to use a class exactly like its parent so there’s no confusion with mixing types. But each child class keeps its own methods as they are. This typically happens by defining a (parent) interface to be reused. It outlines a bunch of common methods. Then, each child class implements its own version of these methods.
</blockquote>

<a href="https://medium.freecodecamp.org/object-oriented-programming-concepts-21bb035f7260" target="_blank">Thanks to the folks over at Free Code Camp!</a>
', 'The Principles Of Object Oriented Programming Concepts', 28, ' ![text](https://s3.amazonaws.com/media-p.slid.es/uploads/558600/images/4199735/pillars.png)', 'Java programmer? Know these:', false);
INSERT INTO redwood_blog_db.posts (id, created_date, description, title, user_id, header_image, subtitle, disabled) VALUES (74, '2018-07-13 09:31:00', '
<a href="https://www.cprime.com/resources/what-is-agile-what-is-scrum/" target="_blank">This is a great resource to get acclimated to this important and growing methodology.</a>', 'What Is Agile? What Is Scrum?', 28, ' ![text](https://gcn.com/~/media/GIG/GCN/Redesign/Articles/2016/August/agilescrum.png)', 'WaT''s gOoD FoR teH ComPAnY???', false);
INSERT INTO redwood_blog_db.posts (id, created_date, description, title, user_id, header_image, subtitle, disabled) VALUES (228, '2018-07-18 17:21:00', '
We have a fantastic little sky! Clouds are free. They just float around the sky all day and have fun. Learn when to stop. This present moment is perfect simply due to the fact you''re experiencing it.

Put it in, leave it alone. Absolutely no pressure. You are just a whisper floating across a mountain. Only God can make a tree - but you can paint one. It''s important to me that you''re happy. If we''re going to have animals around we all have to be concerned about them and take care of them. Just a happy little shadow that lives in there.

Let the paint work. This painting comes right out of your heart. We''ll play with clouds today. We spend so much of our life looking - but never seeing. I''ll go over the colors one more time that we use: Titanium white, Thalo green, Prussian blue, Van Dyke brown, Alizarin crimson, Sap green, Cad yellow, and Permanent red.

If these lines aren''t straight, your water''s going to run right out of your painting and get your floor wet. That''s what makes life fun. That you can make these decisions. That you can create the world that you want. Each highlight must have it''s own private shadow. It''s almost like something out of a fairytale book. When you do it your way you can go anywhere you choose. Take your time. Speed will come later.

This is an example of what you can do with just a few things, a little imagination and a happy dream in your heart. And I will hypnotize that just a little bit. Everything''s not great in life, but we can still find beauty in it.

[Bob Ross Lipsum generator](http://www.bobrosslipsum.com/)
', 'Bob Ross Lipsum Generator Is The Only One You''ll Ever Need', 28, '![text](https://i.ytimg.com/vi/VlucWfTUo1A/maxresdefault.jpg)', 'Unlimited happy accidents', false);
INSERT INTO redwood_blog_db.posts (id, created_date, description, title, user_id, header_image, subtitle, disabled) VALUES (229, '2018-07-25 10:31:00', 'FizzBuzz is a classic coding interview question. It''s meant to test how a programmer thinks through a relatively simple problem. FizzBuzz takes a range of numbers and uses programming logic to print out the word "Fizz" for multiples of three, "Buzz" for multiples of five, and "Fizzbuzz" for muliples of both three and five. Let''s take a look at the original FizzBuzz:

```
public static void myFizzBuzz(int max) {
    for (int x = 1; x <= max; x++) {
        if (x % 3 == 0 && x % 5 == 0) {
            System.out.println("FizzBuzz");
        } else if (x % 3 == 0) {
            System.out.println("Fizz");
        } else if (x % 5 == 0) {
            System.out.println("Buzz");
        } else
            System.out.println(x);
    }
}
```

There''s been a few updates since the original. Let''s take a look at FizzBuzz using tools in Java 8:

```
public class FizzBuzzJava8 {
    public static void main(String[] args) {
        myFizzBuzzJava8(100);
}

public static void myFizzBuzzJava8(int max) {
    IntStream.range(1, max + 1)
        .mapToObj(n -> {
        if (n % 15 == 0) return "FizzBuzz";
            else if (n % 3 == 0) return "Fizz";
            else if (n % 5 == 0) return "Buzz";
            else return n;
    }).forEach(System.out::println);
}
```
<a href="http://www.thinksincode.com/2014/03/19/functional-fizzbuzz-with-java-8-streams.html" target="_blank">Source</a>

The first step is to get a stream of the numbers from 1 to 100. This is done by calling IntStream.range(1, 101). The second argument is exclusive, so to get 1 to 100 we need to specify 101 as the end value.

Once we have a stream, we can do a map operation. Since this is an IntStream, but the desired output is Strings,
we can use IntStream''s mapToObj method to do the conversion. If we used the standard map method, we''d get a compile
error because of an incompatible return type.

The mapToObj method expects a lambda expression. It will apply the lambda to each item in the stream
(the numbers from 1 to 100), and return a new stream of the mapped values. In this case, the mapping is
straightforward. We check if the number is divisible by 3, 5, or 15 (both 3 and 5) and return the appropriate value.

To print the results to the console, we use another new Java 8 feature: method references.
After mapping the stream, we want to print each item. For this we''ll use forEach. Instead of a lambda expression,
like we used with mapToObj, we''ll pass a method reference to System.out.println. The syntax is System.out::println.
Reminds me of C++!

This is a very simple example, but I hope it demonstrates the power of lambda expressions.

Here is another example:

```public static void myFizzBuzzJava8again(int max) {
    IntStream.range(1, max + 1)
            .boxed()
        .map(x -> x + ": " + (x % 3 == 0 ? "Fizz": "") + (x % 5 == 0 ? "Buzz": ""))
            .forEach(System.out::println);
    }
```', 'FizzBuzz Using Java 8', 28, '![text](https://lh3.googleusercontent.com/-8ixlKv-dsIE/WsuVRxkvluI/AAAAAAABQtY/4Dt9Jt6JhD4OLS1CHlYYtCi9n1mjDwdwwCHMYBhgL/w9999/fullscreen.jpg)', 'There''s been a few updates since your day', false);
INSERT INTO redwood_blog_db.posts (id, created_date, description, title, user_id, header_image, subtitle, disabled) VALUES (238, '2018-08-24 16:48:00', 'Creating a "slug" in the URL:

Declare the regex Patterns first:

```
private static final Pattern NONLATIN = Pattern.compile("[^\\\\w-]");
private static final Pattern WHITESPACE = Pattern.compile("[\\\\s]");
```

then make a method that takes in a String:

```
public String makeSlug(String input) {
        String nowhitespace = WHITESPACE.matcher(input).replaceAll("-");
        String normalized = Normalizer.normalize(nowhitespace, Normalizer.Form.NFD);
        String slug = NONLATIN.matcher(normalized).replaceAll("");
        return slug.toLowerCase(Locale.ENGLISH);
    }
```
', 'Creating A "Slug" In The Url', 28, '', 'Add this to your definition of "slug"', true);
INSERT INTO redwood_blog_db.posts (id, created_date, description, title, user_id, header_image, subtitle, disabled) VALUES (246, '2018-08-27 13:54:00', '<iframe width="560" height="315" src="https://www.youtube.com/embed/vjF9GgrY9c0" frameborder="0" allow="autoplay; encrypted-media" allowfullscreen></iframe>

So dope...', 'Watch *Cyberpunk 2077* ''s Long-awaited Gameplay Reveal', 28, '![text](https://i.ytimg.com/vi/8X2kIfS6fb8/maxresdefault.jpg)', 'How do you like that silicon?', false);
INSERT INTO redwood_blog_db.posts (id, created_date, description, title, user_id, header_image, subtitle, disabled) VALUES (253, '2018-09-13 11:59:00', '<iframe width="560" height="315" src="https://www.youtube.com/embed/HKgURBN8sRY" frameborder="0" allow="autoplay; encrypted-media" allowfullscreen></iframe>', 'Michio Kaku''s *The Future Of Humanity* Is Straight Up Brain Fuel', 28, '![text](https://innotechtoday.com/wp-content/uploads/2017/03/Micio-new-2.jpg)', '*you don''t know what you don''t know*', false);

INSERT INTO redwood_blog_db.categories (id, name) VALUES (1, 'Programming');
INSERT INTO redwood_blog_db.categories (id, name) VALUES (2, 'Java');
INSERT INTO redwood_blog_db.categories (id, name) VALUES (3, 'Off-Topic');
INSERT INTO redwood_blog_db.categories (id, name) VALUES (4, 'Movies');
INSERT INTO redwood_blog_db.categories (id, name) VALUES (5, 'Gaming');
INSERT INTO redwood_blog_db.categories (id, name) VALUES (6, 'Music');
INSERT INTO redwood_blog_db.categories (id, name) VALUES (7, 'Books');
INSERT INTO redwood_blog_db.categories (id, name) VALUES (8, 'Life & Wellness');
INSERT INTO redwood_blog_db.categories (id, name) VALUES (9, 'Food');
INSERT INTO redwood_blog_db.categories (id, name) VALUES (10, 'Art');
INSERT INTO redwood_blog_db.categories (id, name) VALUES (11, 'News');
INSERT INTO redwood_blog_db.categories (id, name) VALUES (12, 'TIL');
INSERT INTO redwood_blog_db.categories (id, name) VALUES (13, 'Politics');
INSERT INTO redwood_blog_db.categories (id, name) VALUES (15, 'Automotive');
INSERT INTO redwood_blog_db.categories (id, name) VALUES (16, 'Technology');
INSERT INTO redwood_blog_db.categories (id, name) VALUES (17, 'Science');

INSERT INTO redwood_blog_db.posts_categories (post_id, category_id) VALUES (63, 1);
INSERT INTO redwood_blog_db.posts_categories (post_id, category_id) VALUES (47, 2);
INSERT INTO redwood_blog_db.posts_categories (post_id, category_id) VALUES (238, 2);
INSERT INTO redwood_blog_db.posts_categories (post_id, category_id) VALUES (70, 4);
INSERT INTO redwood_blog_db.posts_categories (post_id, category_id) VALUES (246, 5);
INSERT INTO redwood_blog_db.posts_categories (post_id, category_id) VALUES (229, 1);
INSERT INTO redwood_blog_db.posts_categories (post_id, category_id) VALUES (229, 2);
INSERT INTO redwood_blog_db.posts_categories (post_id, category_id) VALUES (61, 5);
INSERT INTO redwood_blog_db.posts_categories (post_id, category_id) VALUES (46, 4);
INSERT INTO redwood_blog_db.posts_categories (post_id, category_id) VALUES (62, 1);
INSERT INTO redwood_blog_db.posts_categories (post_id, category_id) VALUES (62, 2);
INSERT INTO redwood_blog_db.posts_categories (post_id, category_id) VALUES (74, 1);
INSERT INTO redwood_blog_db.posts_categories (post_id, category_id) VALUES (73, 1);
INSERT INTO redwood_blog_db.posts_categories (post_id, category_id) VALUES (73, 2);
INSERT INTO redwood_blog_db.posts_categories (post_id, category_id) VALUES (253, 17);
INSERT INTO redwood_blog_db.posts_categories (post_id, category_id) VALUES (66, 4);
INSERT INTO redwood_blog_db.posts_categories (post_id, category_id) VALUES (228, 1);
INSERT INTO redwood_blog_db.posts_categories (post_id, category_id) VALUES (51, 2);
INSERT INTO redwood_blog_db.posts_categories (post_id, category_id) VALUES (51, 3);

INSERT INTO redwood_blog_db.comments (id, body, created_date, post_id, user_id, parent_id) VALUES (1338, 0x4261636F6E20697073756D20646F6C6F7220616D6574207368616E6B207461696C2068616D20686F636B20626F7564696E2E2053686F7274206C6F696E20706F726B2062656C6C792074656E6465726C6F696E20706F726B206C6F696E2C2063617069636F6C612070616E6365747461207472692D7469702E204D6561746C6F6166207475726B657920706F726B2062656C6C79206B6576696E2076656E69736F6E2E20506963616E6861206A6F776C2073616C616D69207377696E652E204661746261636B207461696C20706F726B2062656C6C7920636F726E656420626565662070616E63657474612068616D20616C63617472612070726F7363697574746F2068616D6275726765722E20436875636B2068616D20686F636B207475726475636B656E206C616E646A6165676572206672616E6B66757274657220742D626F6E652C20706963616E6861207368616E6B2E20426F7564696E20646F6E65722062756666616C6F206B69656C62617361206265656620726962732E0D0A0D0A5475726475636B656E2070726F7363697574746F2074656E6465726C6F696E20706F726368657474612E205369726C6F696E2073686F7274207269627320706F726368657474612070616E6365747461206D6561746C6F616620706F726B206C6F696E2E20506F726B2068616D20686F636B20627269736B6574206A65726B792C20706967206261636F6E20636F726E6564206265656620666C616E6B2068616D6275726765722E2053686F756C646572206261636F6E206265656620726962732062756666616C6F2E204265656620726962732062616C6C2074697020626565662073686F756C6465722062757267646F6767656E207461696C20616E646F75696C6C6520706F726B206472756D737469636B20706F726B206C6F696E2E0D0A0D0A446F657320796F7572206C6F72656D20697073756D2074657874206C6F6E6720666F7220736F6D657468696E672061206C6974746C65206D6561746965723F2047697665206F75722067656E657261746F72206120747279E280A6206974E2809973207461737479212121, '2018-05-07 13:14:56', 47, 28, null);
INSERT INTO redwood_blog_db.comments (id, body, created_date, post_id, user_id, parent_id) VALUES (1348, 0x4A61766120726F636B73, '2018-05-11 10:34:09', 51, 28, null);
INSERT INTO redwood_blog_db.comments (id, body, created_date, post_id, user_id, parent_id) VALUES (1349, 0x54657374696E67206B61726D6120766F746520636F756E742E20492077696C6C2068617665206F6E65207570766F7465206F6E207468697320636F6D6D656E742066726F6D20757365725F6964203238, '2018-05-11 14:25:36', 47, 1, null);
INSERT INTO redwood_blog_db.comments (id, body, created_date, post_id, user_id, parent_id) VALUES (1515, 0x54657374696E67, '2018-06-19 14:44:09', 61, 28, null);
INSERT INTO redwood_blog_db.comments (id, body, created_date, post_id, user_id, parent_id) VALUES (1611, 0x4920646967206974, '2018-07-04 14:13:46', 61, 28, null);
INSERT INTO redwood_blog_db.comments (id, body, created_date, post_id, user_id, parent_id) VALUES (1626, 0x536F6C6F2077617320612070726574747920676F6F64206D6F7669652E2042757420697420616C736F2066656C7420756E6E65636573736172792E2048616E20536F6C6F206E657665722073747275636B206D652061732061206368617261637465722074686174206E656564656420616E206F726967696E2073746F72792E204920646964206C696B65207468652063616D656F2061742074686520656E642E2E2E205B6C69676874736162657220736F756E645D0D0A0D0A203B29, '2018-07-09 17:01:09', 66, 28, null);
INSERT INTO redwood_blog_db.comments (id, body, created_date, post_id, user_id, parent_id) VALUES (1637, 0x74657374696E6720636F6D6D656E74206F6E20706F7374, '2018-07-23 10:02:17', 228, 28, null);
INSERT INTO redwood_blog_db.comments (id, body, created_date, post_id, user_id, parent_id) VALUES (1641, 0x696E746572657374696E67, '2018-07-23 10:15:37', 47, 28, null);
INSERT INTO redwood_blog_db.comments (id, body, created_date, post_id, user_id, parent_id) VALUES (1642, 0x74657374696E67, '2018-07-23 10:17:59', 47, 28, null);
INSERT INTO redwood_blog_db.comments (id, body, created_date, post_id, user_id, parent_id) VALUES (1653, 0x68656C6C6F, '2018-07-23 11:12:48', 47, 28, 1349);
INSERT INTO redwood_blog_db.comments (id, body, created_date, post_id, user_id, parent_id) VALUES (1690, 0x636F6D6D656E74, '2018-07-23 12:57:29', 47, 1, null);
INSERT INTO redwood_blog_db.comments (id, body, created_date, post_id, user_id, parent_id) VALUES (1691, 0x7265706C7920746F20636F6D6D656E74, '2018-07-23 12:57:35', 47, 1, 1690);
INSERT INTO redwood_blog_db.comments (id, body, created_date, post_id, user_id, parent_id) VALUES (1692, 0x7265706C7920746F20636F6D6D656E74, '2018-07-23 12:57:46', 47, 1, 1349);
INSERT INTO redwood_blog_db.comments (id, body, created_date, post_id, user_id, parent_id) VALUES (1694, 0x7265706C7920746F207279616E20686172706572, '2018-07-23 12:58:35', 47, 1, 1642);
INSERT INTO redwood_blog_db.comments (id, body, created_date, post_id, user_id, parent_id) VALUES (1695, 0x636F6D6D656E74206F6E206D7920706F73742E20616A6178203D20406E756C6C2E204275742C20706167652072656C6F61642077696C6C207468656E20736179203D2040536861682D62726568, '2018-07-23 12:59:22', 47, 1, null);
INSERT INTO redwood_blog_db.comments (id, body, created_date, post_id, user_id, parent_id) VALUES (1696, 0x7265706C7920746F20636F6D6D656E74203D2040736861682D627265682C2042757420706167652072656C6F61642077696C6C207468656E20736179203D20406E756C6C, '2018-07-23 13:01:00', 47, 1, 1695);
INSERT INTO redwood_blog_db.comments (id, body, created_date, post_id, user_id, parent_id) VALUES (1697, 0x7265706C7920746F2061207265706C79206279207368616862726568, '2018-07-23 13:11:32', 47, 1, 1692);
INSERT INTO redwood_blog_db.comments (id, body, created_date, post_id, user_id, parent_id) VALUES (1702, 0x6E6F2075, '2018-07-23 15:04:57', 47, 1, 1338);
INSERT INTO redwood_blog_db.comments (id, body, created_date, post_id, user_id, parent_id) VALUES (1703, 0x4E4F2055, '2018-07-23 16:28:00', 47, 28, 1702);
INSERT INTO redwood_blog_db.comments (id, body, created_date, post_id, user_id, parent_id) VALUES (1755, 0x706172656E74, '2018-08-14 13:05:58', 229, 28, null);
INSERT INTO redwood_blog_db.comments (id, body, created_date, post_id, user_id, parent_id) VALUES (1790, 0x706172656E7420636F6D6D656E74, '2018-08-14 17:40:32', 229, 28, null);
INSERT INTO redwood_blog_db.comments (id, body, created_date, post_id, user_id, parent_id) VALUES (1791, 0x6368696C64, '2018-08-14 17:40:36', 229, 28, 1790);
INSERT INTO redwood_blog_db.comments (id, body, created_date, post_id, user_id, parent_id) VALUES (1800, 0x4920616D20746865206F776E6572206F66207468697320636F6D6D656E7421, '2018-08-15 09:36:20', 229, 2, null);
INSERT INTO redwood_blog_db.comments (id, body, created_date, post_id, user_id, parent_id) VALUES (1802, 0x49206167726565, '2018-08-15 09:46:49', 51, 2, 1348);
INSERT INTO redwood_blog_db.comments (id, body, created_date, post_id, user_id, parent_id) VALUES (1804, 0x476F7267656F75732061727421, '2018-08-15 09:57:41', 66, 2, null);
INSERT INTO redwood_blog_db.comments (id, body, created_date, post_id, user_id, parent_id) VALUES (1816, 0x706172656E74207374796C652074657374, '2018-08-15 13:15:08', 51, 2, null);
INSERT INTO redwood_blog_db.comments (id, body, created_date, post_id, user_id, parent_id) VALUES (1840, 0x436F6E67726174756C6174696F6E7321, '2018-08-16 10:44:05', 229, 28, 1800);
INSERT INTO redwood_blog_db.comments (id, body, created_date, post_id, user_id, parent_id) VALUES (1842, 0x7361682064756465, '2018-08-28 09:49:31', 47, 1, 1653);
INSERT INTO redwood_blog_db.comments (id, body, created_date, post_id, user_id, parent_id) VALUES (1854, 0x6D616B65206120636F6D6D656E74, '2018-09-06 10:26:16', 47, 28, null);
INSERT INTO redwood_blog_db.comments (id, body, created_date, post_id, user_id, parent_id) VALUES (1900, 0x4D79206661766F72697465207363692D6669206D6F7669652E204E65696C6C2773207374727567676C6564206120626974206C6174656C792C20627574207468657265277320686F70652E, '2018-09-06 15:51:45', 70, 28, null);
INSERT INTO redwood_blog_db.comments (id, body, created_date, post_id, user_id, parent_id) VALUES (1904, 0x6368696C6420636F6D6D656E74, '2018-09-06 17:01:34', 70, 28, 1900);
INSERT INTO redwood_blog_db.comments (id, body, created_date, post_id, user_id, parent_id) VALUES (1905, 0x74657374696E672E2E2E, '2018-09-07 13:52:17', 229, 28, null);
INSERT INTO redwood_blog_db.comments (id, body, created_date, post_id, user_id, parent_id) VALUES (1909, 0x436F6F6C21, '2018-09-08 13:50:52', 51, 28, 1802);
INSERT INTO redwood_blog_db.comments (id, body, created_date, post_id, user_id, parent_id) VALUES (1910, 0x73776565742C2063616E74207761697421, '2018-09-08 16:09:07', 246, 2, null);
INSERT INTO redwood_blog_db.comments (id, body, created_date, post_id, user_id, parent_id) VALUES (1911, 0x6C6F72656D7320617265207468652062657374, '2018-09-08 16:10:05', 51, 2, null);
INSERT INTO redwood_blog_db.comments (id, body, created_date, post_id, user_id, parent_id) VALUES (1916, 0x73616D6521, '2018-09-11 12:26:17', 246, 65, 1910);
INSERT INTO redwood_blog_db.comments (id, body, created_date, post_id, user_id, parent_id) VALUES (1917, 0x746865206C6567656E64, '2018-09-11 12:27:04', 228, 65, null);
INSERT INTO redwood_blog_db.comments (id, body, created_date, post_id, user_id, parent_id) VALUES (1918, 0x47616D65206F662074686520596561722E2E2E20323032303F, '2018-09-11 14:00:03', 246, 28, 1916);
INSERT INTO redwood_blog_db.comments (id, body, created_date, post_id, user_id, parent_id) VALUES (1922, 0x486F766572206F76657220636F6D6D656E74207772617070657220616E642073656520656C6C69707369732E2E2E, '2018-09-12 16:31:28', 246, 28, null);
INSERT INTO redwood_blog_db.comments (id, body, created_date, post_id, user_id, parent_id) VALUES (1923, 0x486F766572206F76657220636F6D6D656E74207772617070657220616E642073656520756E6971756520656C6C6970736973, '2018-09-12 16:33:01', 246, 28, null);
INSERT INTO redwood_blog_db.comments (id, body, created_date, post_id, user_id, parent_id) VALUES (1928, 0x436F6D6D656E74, '2018-09-19 13:08:19', 253, 28, null);
INSERT INTO redwood_blog_db.comments (id, body, created_date, post_id, user_id, parent_id) VALUES (1932, 0x48656C6C6F, '2018-09-19 13:13:15', 246, 28, null);
INSERT INTO redwood_blog_db.comments (id, body, created_date, post_id, user_id, parent_id) VALUES (1950, 0x636F6D6D656E74, '2018-09-24 14:00:16', 66, 28, null);
INSERT INTO redwood_blog_db.comments (id, body, created_date, post_id, user_id, parent_id) VALUES (1951, 0x7265706C79, '2018-09-24 14:00:19', 66, 28, 1950);
INSERT INTO redwood_blog_db.comments (id, body, created_date, post_id, user_id, parent_id) VALUES (1965, 0x5265706C79, '2018-10-01 12:44:12', 253, 26, 1928);
INSERT INTO redwood_blog_db.comments (id, body, created_date, post_id, user_id, parent_id) VALUES (1966, 0x59656168207468617420707265747479206D75636820626C6577206D79206D696E642E20486F706520746F207365652061206C6F74206F66207468697320737475666620696E206D79206C69666574696D6520, '2018-10-01 12:47:22', 253, 64, null);
INSERT INTO redwood_blog_db.comments (id, body, created_date, post_id, user_id, parent_id) VALUES (1967, 0x4C6F7665206D6520736F6D65204B616B7521, '2018-10-01 12:47:57', 253, 1, null);
INSERT INTO redwood_blog_db.comments (id, body, created_date, post_id, user_id, parent_id) VALUES (1982, 0x74657374, '2018-10-04 14:54:57', 253, 28, null);
INSERT INTO redwood_blog_db.comments (id, body, created_date, post_id, user_id, parent_id) VALUES (1983, 0x74657374, '2018-10-04 14:55:29', 253, 28, null);
INSERT INTO redwood_blog_db.comments (id, body, created_date, post_id, user_id, parent_id) VALUES (1984, 0xF09F988D74657374696E67, '2018-10-05 16:45:27', 253, 28, null);
INSERT INTO redwood_blog_db.comments (id, body, created_date, post_id, user_id, parent_id) VALUES (1990, 0xF09F90B120616E6420F09F90B6, '2018-10-08 10:12:51', 253, 28, null);
INSERT INTO redwood_blog_db.comments (id, body, created_date, post_id, user_id, parent_id) VALUES (1991, 0xF09F9088, '2018-10-08 10:44:58', 253, 28, null);
INSERT INTO redwood_blog_db.comments (id, body, created_date, post_id, user_id, parent_id) VALUES (1992, 0xF09F90B1, '2018-10-08 11:35:25', 246, 28, null);
INSERT INTO redwood_blog_db.comments (id, body, created_date, post_id, user_id, parent_id) VALUES (1993, 0xF09F90B6, '2018-10-08 11:40:37', 246, 28, null);
INSERT INTO redwood_blog_db.comments (id, body, created_date, post_id, user_id, parent_id) VALUES (1994, 0xF09F988D, '2018-10-08 12:19:19', 253, 28, null);
INSERT INTO redwood_blog_db.comments (id, body, created_date, post_id, user_id, parent_id) VALUES (1996, 0xF09F8F88, '2018-10-08 13:34:10', 253, 28, null);
INSERT INTO redwood_blog_db.comments (id, body, created_date, post_id, user_id, parent_id) VALUES (1997, 0xF09F90B120616E64206120F09F909520, '2018-10-08 13:55:07', 253, 28, null);
INSERT INTO redwood_blog_db.comments (id, body, created_date, post_id, user_id, parent_id) VALUES (1998, 0xF09F9883, '2018-10-08 15:34:29', 253, 28, null);
INSERT INTO redwood_blog_db.comments (id, body, created_date, post_id, user_id, parent_id) VALUES (1999, 0xF09F9088, '2018-10-08 15:43:40', 253, 28, null);
INSERT INTO redwood_blog_db.comments (id, body, created_date, post_id, user_id, parent_id) VALUES (2000, 0xF09F8F80, '2018-10-08 15:45:08', 253, 28, null);
INSERT INTO redwood_blog_db.comments (id, body, created_date, post_id, user_id, parent_id) VALUES (2002, 0xF09F8E83F09F91BBF09F91BDF09F9280F09F9888, '2018-10-08 15:57:47', 253, 28, null);
INSERT INTO redwood_blog_db.comments (id, body, created_date, post_id, user_id, parent_id) VALUES (2003, 0xF09F9888F09F9888F09F9888E298A0, '2018-10-08 16:17:00', 253, 28, null);
INSERT INTO redwood_blog_db.comments (id, body, created_date, post_id, user_id, parent_id) VALUES (2006, 0xF09F91BD, '2018-10-08 16:31:26', 253, 28, null);
INSERT INTO redwood_blog_db.comments (id, body, created_date, post_id, user_id, parent_id) VALUES (2007, 0xF09F9888F09F91BDF09F91BDF09F9280, '2018-10-09 12:19:35', 253, 28, null);
INSERT INTO redwood_blog_db.comments (id, body, created_date, post_id, user_id, parent_id) VALUES (2009, 0xF09F9280F09F91BDF09F9888, '2018-10-09 13:28:50', 253, 28, null);
INSERT INTO redwood_blog_db.comments (id, body, created_date, post_id, user_id, parent_id) VALUES (2010, 0xF09F98A1F09F989DF09F8F80, '2018-10-09 13:38:28', 253, 28, null);
INSERT INTO redwood_blog_db.comments (id, body, created_date, post_id, user_id, parent_id) VALUES (2019, 0xF09F9088, '2018-10-09 14:41:01', 253, 28, null);
INSERT INTO redwood_blog_db.comments (id, body, created_date, post_id, user_id, parent_id) VALUES (2022, 0xF09F9880F09F9983F09F989DF09F989DF09F989D, '2018-10-09 15:44:50', 253, 28, null);


INSERT INTO redwood_blog_db.reset_password (id, created_on, expires_on, token, user_id) VALUES (15, '2018-08-23 14:43:38', '2018-08-23 14:48:38', '8d5a6e91-a63c-4803-a7c1-1f7009424f26', 28);


INSERT INTO redwood_blog_db.posts_votes (post_id, user_id, type) VALUES (47, 1, 1);
INSERT INTO redwood_blog_db.posts_votes (post_id, user_id, type) VALUES (47, 28, 1);
INSERT INTO redwood_blog_db.posts_votes (post_id, user_id, type) VALUES (51, 28, 1);
INSERT INTO redwood_blog_db.posts_votes (post_id, user_id, type) VALUES (61, 1, 1);
INSERT INTO redwood_blog_db.posts_votes (post_id, user_id, type) VALUES (61, 2, 1);
INSERT INTO redwood_blog_db.posts_votes (post_id, user_id, type) VALUES (61, 28, 1);
INSERT INTO redwood_blog_db.posts_votes (post_id, user_id, type) VALUES (62, 28, 1);
INSERT INTO redwood_blog_db.posts_votes (post_id, user_id, type) VALUES (66, 2, 1);
INSERT INTO redwood_blog_db.posts_votes (post_id, user_id, type) VALUES (66, 28, 1);
INSERT INTO redwood_blog_db.posts_votes (post_id, user_id, type) VALUES (70, 2, 1);
INSERT INTO redwood_blog_db.posts_votes (post_id, user_id, type) VALUES (74, 28, 1);
INSERT INTO redwood_blog_db.posts_votes (post_id, user_id, type) VALUES (228, 1, 1);
INSERT INTO redwood_blog_db.posts_votes (post_id, user_id, type) VALUES (229, 1, 1);
INSERT INTO redwood_blog_db.posts_votes (post_id, user_id, type) VALUES (229, 2, 1);
INSERT INTO redwood_blog_db.posts_votes (post_id, user_id, type) VALUES (246, 28, 1);
INSERT INTO redwood_blog_db.posts_votes (post_id, user_id, type) VALUES (246, 65, 1);
INSERT INTO redwood_blog_db.posts_votes (post_id, user_id, type) VALUES (253, 28, 1);


INSERT INTO redwood_blog_db.comments_votes (comment_id, user_id, type) VALUES (1338, 1, 1);
INSERT INTO redwood_blog_db.comments_votes (comment_id, user_id, type) VALUES (1348, 2, 1);
INSERT INTO redwood_blog_db.comments_votes (comment_id, user_id, type) VALUES (1349, 28, 1);
INSERT INTO redwood_blog_db.comments_votes (comment_id, user_id, type) VALUES (1800, 28, 1);
INSERT INTO redwood_blog_db.comments_votes (comment_id, user_id, type) VALUES (1804, 28, 1);
INSERT INTO redwood_blog_db.comments_votes (comment_id, user_id, type) VALUES (1840, 28, 1);
INSERT INTO redwood_blog_db.comments_votes (comment_id, user_id, type) VALUES (1910, 28, 1);
INSERT INTO redwood_blog_db.comments_votes (comment_id, user_id, type) VALUES (1910, 65, 1);
INSERT INTO redwood_blog_db.comments_votes (comment_id, user_id, type) VALUES (1916, 28, 1);
INSERT INTO redwood_blog_db.comments_votes (comment_id, user_id, type) VALUES (1923, 28, 1);
INSERT INTO redwood_blog_db.comments_votes (comment_id, user_id, type) VALUES (1928, 1, 1);
INSERT INTO redwood_blog_db.comments_votes (comment_id, user_id, type) VALUES (1928, 28, 1);
INSERT INTO redwood_blog_db.comments_votes (comment_id, user_id, type) VALUES (1965, 28, -1);
INSERT INTO redwood_blog_db.comments_votes (comment_id, user_id, type) VALUES (1966, 1, 1);
INSERT INTO redwood_blog_db.comments_votes (comment_id, user_id, type) VALUES (1966, 28, 1);
INSERT INTO redwood_blog_db.comments_votes (comment_id, user_id, type) VALUES (1967, 28, 1);


INSERT INTO redwood_blog_db.hit_counts (id, post_count, profile_count, post_id, user_id) VALUES (1, 2838, 0, 246, null);
INSERT INTO redwood_blog_db.hit_counts (id, post_count, profile_count, post_id, user_id) VALUES (2, 45, 0, 47, null);
INSERT INTO redwood_blog_db.hit_counts (id, post_count, profile_count, post_id, user_id) VALUES (3, 0, 44, null, 1);
INSERT INTO redwood_blog_db.hit_counts (id, post_count, profile_count, post_id, user_id) VALUES (4, 29, 0, 228, null);
INSERT INTO redwood_blog_db.hit_counts (id, post_count, profile_count, post_id, user_id) VALUES (5, 1154, 0, 61, null);
INSERT INTO redwood_blog_db.hit_counts (id, post_count, profile_count, post_id, user_id) VALUES (6, 0, 1400, null, 28);
INSERT INTO redwood_blog_db.hit_counts (id, post_count, profile_count, post_id, user_id) VALUES (7, 52, 0, 51, null);
INSERT INTO redwood_blog_db.hit_counts (id, post_count, profile_count, post_id, user_id) VALUES (8, 6, 0, 74, null);
INSERT INTO redwood_blog_db.hit_counts (id, post_count, profile_count, post_id, user_id) VALUES (9, 45, 0, 238, null);
INSERT INTO redwood_blog_db.hit_counts (id, post_count, profile_count, post_id, user_id) VALUES (11, 0, 191, null, 2);
INSERT INTO redwood_blog_db.hit_counts (id, post_count, profile_count, post_id, user_id) VALUES (13, 0, 13, null, 63);
INSERT INTO redwood_blog_db.hit_counts (id, post_count, profile_count, post_id, user_id) VALUES (14, 0, 9, null, 64);
INSERT INTO redwood_blog_db.hit_counts (id, post_count, profile_count, post_id, user_id) VALUES (15, 0, 291, null, 65);
INSERT INTO redwood_blog_db.hit_counts (id, post_count, profile_count, post_id, user_id) VALUES (18, 18, 0, 70, null);
INSERT INTO redwood_blog_db.hit_counts (id, post_count, profile_count, post_id, user_id) VALUES (19, 1626, 0, 66, null);
INSERT INTO redwood_blog_db.hit_counts (id, post_count, profile_count, post_id, user_id) VALUES (20, 29, 0, 229, null);
INSERT INTO redwood_blog_db.hit_counts (id, post_count, profile_count, post_id, user_id) VALUES (23, 0, 15, null, 29);
INSERT INTO redwood_blog_db.hit_counts (id, post_count, profile_count, post_id, user_id) VALUES (24, 9, 0, 46, null);
INSERT INTO redwood_blog_db.hit_counts (id, post_count, profile_count, post_id, user_id) VALUES (25, 0, 6, null, 66);
INSERT INTO redwood_blog_db.hit_counts (id, post_count, profile_count, post_id, user_id) VALUES (26, 1, 0, 73, null);
INSERT INTO redwood_blog_db.hit_counts (id, post_count, profile_count, post_id, user_id) VALUES (27, 1, 0, 62, null);
INSERT INTO redwood_blog_db.hit_counts (id, post_count, profile_count, post_id, user_id) VALUES (28, 2, 0, 63, null);
INSERT INTO redwood_blog_db.hit_counts (id, post_count, profile_count, post_id, user_id) VALUES (33, 1821, 0, 253, null);
INSERT INTO redwood_blog_db.hit_counts (id, post_count, profile_count, post_id, user_id) VALUES (35, 0, 2, null, 26);